,canales_eliminados,p_conv,conversiones_estimadas,delta_vs_base,impacto_pct
0,['display'],0.10606438835320986,849,0.0008144564782098657,0.774
1,['email'],0.11016377207939258,881,0.004913840204392589,4.669
2,['social'],0.11533817368421054,923,0.010088241809210544,9.585
3,['paid_search'],0.10087296055503586,807,-0.004376971319964132,-4.159
4,"['display', 'email']",0.11111104222492896,889,0.0058611103499289635,5.569
5,['social'],0.11533817368421054,923,0.010088241809210544,9.585
